{"cameraMode":{"drawMode":0,"name":"Shaded","section":"Shading Mode"},"sceneLighting":true,"audioPlay":false,"sceneViewState":{"showFog":true,"showMaterialUpdate":false,"showSkybox":true,"showFlares":true,"showImageEffects":true,"showParticleSystems":true},"in2DMode":false,"pivot":{"x":457.9634704589844,"y":271.1755676269531,"z":-0.5772705078125},"rotation":{"x":0.0014999978011474014,"y":0.0014999978011474014,"z":-0.0000022499987153423719,"w":0.9999977350234985},"size":332.6352844238281,"orthographic":false}