{"cameraMode":{"drawMode":0,"name":"Shaded","section":"Shading Mode"},"sceneLighting":true,"audioPlay":false,"sceneViewState":{"showFog":true,"showMaterialUpdate":false,"showSkybox":true,"showFlares":true,"showImageEffects":true,"showParticleSystems":true},"in2DMode":false,"pivot":{"x":-1.303019404411316,"y":0.20509982109069825,"z":-7.3114776611328129},"rotation":{"x":0.0625547543168068,"y":-0.8812318444252014,"z":0.12184754014015198,"w":0.4524087905883789},"size":2.1073949337005617,"orthographic":false}