{"cameraMode":{"drawMode":0,"name":"Shaded","section":"Shading Mode"},"sceneLighting":false,"audioPlay":false,"sceneViewState":{"showFog":false,"showMaterialUpdate":false,"showSkybox":false,"showFlares":false,"showImageEffects":false,"showParticleSystems":false},"in2DMode":false,"pivot":{"x":-8.938390731811524,"y":-37.17407989501953,"z":-6.011797904968262},"rotation":{"x":-0.19537217915058137,"y":0.7363193035125732,"z":-0.6021698117256165,"w":-0.23897391557693482},"size":28.592084884643556,"orthographic":false}