{"cameraMode":{"drawMode":0,"name":"Shaded","section":"Shading Mode"},"sceneLighting":true,"audioPlay":false,"sceneViewState":{"showFog":true,"showMaterialUpdate":false,"showSkybox":true,"showFlares":true,"showImageEffects":true,"showParticleSystems":true},"in2DMode":false,"pivot":{"x":-24.14908790588379,"y":-3.4854955673217775,"z":32.58663558959961},"rotation":{"x":-0.113664411008358,"y":0.2977560758590698,"z":-0.03566744923591614,"w":-0.9472987055778503},"size":35.029788970947269,"orthographic":false}