{"cameraMode":{"drawMode":0,"name":"Shaded","section":"Shading Mode"},"sceneLighting":true,"audioPlay":false,"sceneViewState":{"showFog":true,"showMaterialUpdate":false,"showSkybox":true,"showFlares":true,"showImageEffects":true,"showParticleSystems":true},"in2DMode":false,"pivot":{"x":384.92333984375,"y":271.1685791015625,"z":-0.35791015625},"rotation":{"x":0.0014999978011474014,"y":0.0014999978011474014,"z":-0.0000022499987153423719,"w":0.9999977350234985},"size":394.3547668457031,"orthographic":true}