{"cameraMode":{"drawMode":0,"name":"Shaded","section":"Shading Mode"},"sceneLighting":false,"audioPlay":false,"sceneViewState":{"showFog":true,"showMaterialUpdate":false,"showSkybox":false,"showFlares":true,"showImageEffects":true,"showParticleSystems":true},"in2DMode":false,"pivot":{"x":-0.03902600705623627,"y":0.17400000989437104,"z":-0.03899998962879181},"rotation":{"x":-0.10695534199476242,"y":-0.8840201497077942,"z":0.2475370168685913,"w":-0.38215258717536929},"size":0.8660255074501038,"orthographic":false}